_id,name,email
ObjectId(5e9c40da9011d97b5147950a),Jane Doe,jane@doe.com
ObjectId(5e9c40e79011d97b5147950b),Marry Riddle,marry@riddle.com
ObjectId(5e9c40f29011d97b5147950c),Thomas Johnson,thomas@johnson.com
ObjectId(5e9c40fd9011d97b5147950d),Tim Cook,tim@cook.com
ObjectId(5e9c41099011d97b5147950e),Steve Walker,steve@walker.com
ObjectId(5e9c41169011d97b5147950f),Jerry Cook,jerry@cook.com
ObjectId(5e9c411e9011d97b51479510),Billy Strauss,billy@strauss.com
ObjectId(5e9c41279011d97b51479511),Micheal johnson,micheal@johnson.com
ObjectId(5e9c68b19011d97b51479515),John Doe,john@doe.com
ObjectId(5e9c68bc9011d97b51479516),Trent Mercer,trent@mercer.com
